Workbook

Sheet Cpu
A1: Время | B1: CPU | C1: %user | D1: %nice | E1: %system | F1: %iowait | G1: %steal | H1: %idle | I1: Использование CPU | J1: Длина очереди CPU | K1: Сравнение со средним
A2: 0.20018519 | B2: all | C2: 0 | D2: 0 | E2: 0.44 | F2: 0 | G2: 0 | H2: 99.56 | I2: =100-H2 -> 0.44 | J2: =Queue!B2 -> 0 | K2: =IF(C2>AVERAGE($C$2:$C$470),"выше среднего","ниже среднего") -> ниже среднего
A3: 0.20018519 | B3: 0 | C3: 0 | D3: 0 | E3: 0.44 | F3: 0 | G3: 0 | H3: 99.56
A4: 0.20030093 | B4: all | C4: 0 | D4: 0 | E4: 0.22 | F4: 0 | G4: 0 | H4: 99.78 | I4: =100-H4 -> 0.22 | J4: =Queue!B4 -> 0 | K4: =IF(C4>AVERAGE($C$2:$C$470),"выше среднего","ниже среднего") -> ниже среднего
A5: 0.20030093 | B5: 0 | C5: 0 | D5: 0 | E5: 0.22 | F5: 0 | G5: 0 | H5: 99.78
A6: 0.20041667 | B6: all | C6: 0 | D6: 0 | E6: 0.22 | F6: 0.11 | G6: 0 | H6: 99.67 | I6: =100-H6 -> 0.33 | J6: =Queue!B6 -> 0 | K6: =IF(C6>AVERAGE($C$2:$C$470),"выше среднего","ниже среднего") -> ниже среднего
A7: 0.20041667 | B7: 0 | C7: 0 | D7: 0 | E7: 0.22 | F7: 0.11 | G7: 0 | H7: 99.67
A8: 0.20053241 | B8: all | C8: 0 | D8: 0 | E8: 0.22 | F8: 0 | G8: 0 | H8: 99.78 | I8: =100-H8 -> 0.22 | J8: =Queue!B8 -> 0 | K8: =IF(C8>AVERAGE($C$2:$C$470),"выше среднего","ниже среднего") -> ниже среднего
A9: 0.20053241 | B9: 0 | C9: 0 | D9: 0 | E9: 0.22 | F9: 0 | G9: 0 | H9: 99.78
A10: 0.20064815 | B10: all | C10: 0 | D10: 0 | E10: 0.33 | F10: 0 | G10: 0 | H10: 99.67 | I10: =100-H10 -> 0.33 | J10: =Queue!B10 -> 0 | K10: =IF(C10>AVERAGE($C$2:$C$470),"выше среднего","ниже среднего") -> ниже среднего
A11: 0.20064815 | B11: 0 | C11: 0 | D11: 0 | E11: 0.33 | F11: 0 | G11: 0 | H11: 99.67
A12: 0.20076389 | B12: all | C12: 0 | D12: 0 | E12: 0.22 | F12: 0 | G12: 0 | H12: 99.78 | I12: =100-H12 -> 0.22 | J12: =Queue!B12 -> 0 | K12: =IF(C12>AVERAGE($C$2:$C$470),"выше среднего","ниже среднего") -> ниже среднего
A13: 0.20076389 | B13: 0 | C13: 0 | D13: 0 | E13: 0.22 | F13: 0 | G13: 0 | H13: 99.78
A14: 0.20087963 | B14: all | C14: 0 | D14: 0 | E14: 0.33 | F14: 0 | G14: 0 | H14: 99.67 | I14: =100-H14 -> 0.33 | J14: =Queue!B14 -> 0 | K14: =IF(C14>AVERAGE($C$2:$C$470),"выше среднего","ниже среднего") -> ниже среднего
A15: 0.20087963 | B15: 0 | C15: 0 | D15: 0 | E15: 0.33 | F15: 0 | G15: 0 | H15: 99.67
A16: 0.20099537 | B16: all | C16: 0 | D16: 0 | E16: 0.44 | F16: 0 | G16: 0 | H16: 99.56 | I16: =100-H16 -> 0.44 | J16: =Queue!B16 -> 0 | K16: =IF(C16>AVERAGE($C$2:$C$470),"выше среднего","ниже среднего") -> ниже среднего
A17: 0.20099537 | B17: 0 | C17: 0 | D17: 0 | E17: 0.44 | F17: 0 | G17: 0 | H17: 99.56
A18: 0.20111111 | B18: all | C18: 0 | D18: 0 | E18: 0.33 | F18: 0 | G18: 0 | H18: 99.67 | I18: =100-H18 -> 0.33 | J18: =Queue!B18 -> 0 | K18: =IF(C18>AVERAGE($C$2:$C$470),"выше среднего","ниже среднего") -> ниже среднего
A19: 0.20111111 | B19: 0 | C19: 0 | D19: 0 | E19: 0.33 | F19: 0 | G19: 0 | H19: 99.67
A20: 0.20122685 | B20: all | C20: 0 | D20: 0 | E20: 0.22 | F20: 0.11 | G20: 0 | H20: 99.67 | I20: =100-H20 -> 0.33 | J20: =Queue!B20 -> 0 | K20: =IF(C20>AVERAGE($C$2:$C$470),"выше среднего","ниже среднего") -> ниже среднего
A21: 0.20122685 | B21: 0 | C21: 0 | D21: 0 | E21: 0.22 | F21: 0.11 | G21: 0 | H21: 99.67
A22: 0.20134259 | B22: all | C22: 0 | D22: 0 | E22: 0.22 | F22: 0 | G22: 0 | H22: 99.78 | I22: =100-H22 -> 0.22 | J22: =Queue!B22 -> 0 | K22: =IF(C22>AVERAGE($C$2:$C$470),"выше среднего","ниже среднего") -> ниже среднего
A23: 0.20134259 | B23: 0 | C23: 0 | D23: 0 | E23: 0.22 | F23: 0 | G23: 0 | H23: 99.78
A24: 0.20145833 | B24: all | C24: 0.11 | D24: 0 | E24: 0.33 | F24: 0 | G24: 0 | H24: 99.56 | I24: =100-H24 -> 0.44 | J24: =Queue!B24 -> 0 | K24: =IF(C24>AVERAGE($C$2:$C$470),"выше среднего","ниже среднего") -> выше среднего
A25: 0.20145833 | B25: 0 | C25: 0.11 | D25: 0 | E25: 0.33 | F25: 0 | G25: 0 | H25: 99.56
A26: 0.20157407 | B26: all | C26: 0 | D26: 0 | E26: 0.44 | F26: 0 | G26: 0 | H26: 99.56 | I26: =100-H26 -> 0.44 | J26: =Queue!B26 -> 0 | K26: =IF(C26>AVERAGE($C$2:$C$470),"выше среднего","ниже среднего") -> ниже среднего
A27: 0.20157407 | B27: 0 | C27: 0 | D27: 0 | E27: 0.44 | F27: 0 | G27: 0 | H27: 99.56
A28: 0.20168981 | B28: all | C28: 0 | D28: 0 | E28: 0.11 | F28: 0 | G28: 0 | H28: 99.89 | I28: =100-H28 -> 0.11 | J28: =Queue!B28 -> 0 | K28: =IF(C28>AVERAGE($C$2:$C$470),"выше среднего","ниже среднего") -> ниже среднего
A29: 0.20168981 | B29: 0 | C29: 0 | D29: 0 | E29: 0.11 | F29: 0 | G29: 0 | H29: 99.89
A30: 0.20180556 | B30: all | C30: 0 | D30: 0 | E30: 0.33 | F30: 0.11 | G30: 0 | H30: 99.56 | I30: =100-H30 -> 0.44 | J30: =Queue!B30 -> 0 | K30: =IF(C30>AVERAGE($C$2:$C$470),"выше среднего","ниже среднего") -> ниже среднего
A31: 0.20180556 | B31: 0 | C31: 0 | D31: 0 | E31: 0.33 | F31: 0.11 | G31: 0 | H31: 99.56
A32: 0.2019213 | B32: all | C32: 0 | D32: 0 | E32: 0.33 | F32: 0 | G32: 0 | H32: 99.67 | I32: =100-H32 -> 0.33 | J32: =Queue!B32 -> 0 | K32: =IF(C32>AVERAGE($C$2:$C$470),"выше среднего","ниже среднего") -> ниже среднего
A33: 0.2019213 | B33: 0 | C33: 0 | D33: 0 | E33: 0.33 | F33: 0 | G33: 0 | H33: 99.67
A34: 0.20203704 | B34: all | C34: 0 | D34: 0 | E34: 0.33 | F34: 0 | G34: 0 | H34: 99.67 | I34: =100-H34 -> 0.33 | J34: =Queue!B34 -> 0 | K34: =IF(C34>AVERAGE($C$2:$C$470),"выше среднего","ниже среднего") -> ниже среднего
A35: 0.20203704 | B35: 0 | C35: 0 | D35: 0 | E35: 0.33 | F35: 0 | G35: 0 | H35: 99.67
A36: 0.20215278 | B36: all | C36: 0 | D36: 0 | E36: 0.22 | F36: 0 | G36: 0 | H36: 99.78 | I36: =100-H36 -> 0.22 | J36: =Queue!B36 -> 0 | K36: =IF(C36>AVERAGE($C$2:$C$470),"выше среднего","ниже среднего") -> ниже среднего
A37: 0.20215278 | B37: 0 | C37: 0 | D37: 0 | E37: 0.22 | F37: 0 | G37: 0 | H37: 99.78
A38: 0.20226852 | B38: all | C38: 0 | D38: 0 | E38: 0.33 | F38: 0 | G38: 0 | H38: 99.67 | I38: =100-H38 -> 0.33 | J38: =Queue!B38 -> 0 | K38: =IF(C38>AVERAGE($C$2:$C$470),"выше среднего","ниже среднего") -> ниже среднего
A39: 0.20226852 | B39: 0 | C39: 0 | D39: 0 | E39: 0.33 | F39: 0 | G39: 0 | H39: 99.67
A40: 0.20238426 | B40: all | C40: 0 | D40: 0 | E40: 0.11 | F40: 0 | G40: 0 | H40: 99.89 | I40: =100-H40 -> 0.11 | J40: =Queue!B40 -> 0 | K40: =IF(C40>AVERAGE($C$2:$C$470),"выше среднего","ниже среднего") -> ниже среднего
A41: 0.20238426 | B41: 0 | C41: 0 | D41: 0 | E41: 0.11 | F41: 0 | G41: 0 | H41: 99.89
A42: 0.2025 | B42: all | C42: 0 | D42: 0 | E42: 0.11 | F42: 0.11 | G42: 0 | H42: 99.78 | I42: =100-H42 -> 0.22 | J42: =Queue!B42 -> 0 | K42: =IF(C42>AVERAGE($C$2:$C$470),"выше среднего","ниже среднего") -> ниже среднего
A43: 0.2025 | B43: 0 | C43: 0 | D43: 0 | E43: 0.11 | F43: 0.11 | G43: 0 | H43: 99.78
A44: 0.20261574 | B44: all | C44: 0 | D44: 0 | E44: 0.22 | F44: 0 | G44: 0 | H44: 99.78 | I44: =100-H44 -> 0.22 | J44: =Queue!B44 -> 0 | K44: =IF(C44>AVERAGE($C$2:$C$470),"выше среднего","ниже среднего") -> ниже среднего
A45: 0.20261574 | B45: 0 | C45: 0 | D45: 0 | E45: 0.22 | F45: 0 | G45: 0 | H45: 99.78
A46: 0.20273148 | B46: all | C46: 0 | D46: 0 | E46: 0.22 | F46: 0 | G46: 0 | H46: 99.78 | I46: =100-H46 -> 0.22 | J46: =Queue!B46 -> 0 | K46: =IF(C46>AVERAGE($C$2:$C$470),"выше среднего","ниже среднего") -> ниже среднего
A47: 0.20273148 | B47: 0 | C47: 0 | D47: 0 | E47: 0.22 | F47: 0 | G47: 0 | H47: 99.78
A48: 0.20284722 | B48: all | C48: 0 | D48: 0 | E48: 0.22 | F48: 0 | G48: 0 | H48: 99.78 | I48: =100-H48 -> 0.22 | J48: =Queue!B48 -> 0 | K48: =IF(C48>AVERAGE($C$2:$C$470),"выше среднего","ниже среднего") -> ниже среднего
A49: 0.20284722 | B49: 0 | C49: 0 | D49: 0 | E49: 0.22 | F49: 0 | G49: 0 | H49: 99.78
A50: 0.20296296 | B50: all | C50: 0 | D50: 0 | E50: 0.22 | F50: 0 | G50: 0 | H50: 99.78 | I50: =100-H50 -> 0.22 | J50: =Queue!B50 -> 0 | K50: =IF(C50>AVERAGE($C$2:$C$470),"выше среднего","ниже среднего") -> ниже среднего
A51: 0.20296296 | B51: 0 | C51: 0 | D51: 0 | E51: 0.22 | F51: 0 | G51: 0 | H51: 99.78
A52: 0.2030787 | B52: all | C52: 0 | D52: 0 | E52: 0.11 | F52: 0.11 | G52: 0 | H52: 99.78 | I52: =100-H52 -> 0.22 | J52: =Queue!B52 -> 0 | K52: =IF(C52>AVERAGE($C$2:$C$470),"выше среднего","ниже среднего") -> ниже среднего
A53: 0.2030787 | B53: 0 | C53: 0 | D53: 0 | E53: 0.11 | F53: 0.11 | G53: 0 | H53: 99.78
A54: 0.20319444 | B54: all | C54: 0 | D54: 0 | E54: 0.33 | F54: 0 | G54: 0 | H54: 99.67 | I54: =100-H54 -> 0.33 | J54: =Queue!B54 -> 0 | K54: =IF(C54>AVERAGE($C$2:$C$470),"выше среднего","ниже среднего") -> ниже среднего
A55: 0.20319444 | B55: 0 | C55: 0 | D55: 0 | E55: 0.33 | F55: 0 | G55: 0 | H55: 99.67
A56: 0.20331019 | B56: all | C56: 0 | D56: 0 | E56: 0.22 | F56: 0 | G56: 0 | H56: 99.78 | I56: =100-H56 -> 0.22 | J56: =Queue!B56 -> 0 | K56: =IF(C56>AVERAGE($C$2:$C$470),"выше среднего","ниже среднего") -> ниже среднего
A57: 0.20331019 | B57: 0 | C57: 0 | D57: 0 | E57: 0.22 | F57: 0 | G57: 0 | H57: 99.78
A58: 0.20342593 | B58: all | C58: 0 | D58: 0 | E58: 0.22 | F58: 0 | G58: 0 | H58: 99.78 | I58: =100-H58 -> 0.22 | J58: =Queue!B58 -> 0 | K58: =IF(C58>AVERAGE($C$2:$C$470),"выше среднего","ниже среднего") -> ниже среднего
A59: 0.20342593 | B59: 0 | C59: 0 | D59: 0 | E59: 0.22 | F59: 0 | G59: 0 | H59: 99.78
A60: 0.20354167 | B60: all | C60: 0 | D60: 0 | E60: 0.22 | F60: 0.11 | G60: 0 | H60: 99.67 | I60: =100-H60 -> 0.33 | J60: =Queue!B60 -> 0 | K60: =IF(C60>AVERAGE($C$2:$C$470),"выше среднего","ниже среднего") -> ниже среднего
A61: 0.20354167 | B61: 0 | C61: 0 | D61: 0 | E61: 0.22 | F61: 0.11 | G61: 0 | H61: 99.67
A62: 0.20365741 | B62: all | C62: 0 | D62: 0 | E62: 0.44 | F62: 0 | G62: 0 | H62: 99.56 | I62: =100-H62 -> 0.44 | J62: =Queue!B62 -> 0 | K62: =IF(C62>AVERAGE($C$2:$C$470),"выше среднего","ниже среднего") -> ниже среднего
A63: 0.20365741 | B63: 0 | C63: 0 | D63: 0 | E63: 0.44 | F63: 0 | G63: 0 | H63: 99.56
A64: 0.20377315 | B64: all | C64: 0 | D64: 0 | E64: 0.22 | F64: 0 | G64: 0 | H64: 99.78 | I64: =100-H64 -> 0.22 | J64: =Queue!B64 -> 0 | K64: =IF(C64>AVERAGE($C$2:$C$470),"выше среднего","ниже среднего") -> ниже среднего
A65: 0.20377315 | B65: 0 | C65: 0 | D65: 0 | E65: 0.22 | F65: 0 | G65: 0 | H65: 99.78
A66: 0.20388889 | B66: all | C66: 0 | D66: 0 | E66: 0.22 | F66: 0 | G66: 0 | H66: 99.78 | I66: =100-H66 -> 0.22 | J66: =Queue!B66 -> 0 | K66: =IF(C66>AVERAGE($C$2:$C$470),"выше среднего","ниже среднего") -> ниже среднего
A67: 0.20388889 | B67: 0 | C67: 0 | D67: 0 | E67: 0.22 | F67: 0 | G67: 0 | H67: 99.78
A68: 0.20400463 | B68: all | C68: 0 | D68: 0 | E68: 0.33 | F68: 0 | G68: 0 | H68: 99.67 | I68: =100-H68 -> 0.33 | J68: =Queue!B68 -> 0 | K68: =IF(C68>AVERAGE($C$2:$C$470),"выше среднего","ниже среднего") -> ниже среднего
A69: 0.20400463 | B69: 0 | C69: 0 | D69: 0 | E69: 0.33 | F69: 0 | G69: 0 | H69: 99.67
A70: 0.20412037 | B70: all | C70: 0.45 | D70: 0 | E70: 2.82 | F70: 1.24 | G70: 0 | H70: 95.5 | I70: =100-H70 -> 4.5 | J70: =Queue!B70 -> 0 | K70: =IF(C70>AVERAGE($C$2:$C$470),"выше среднего","ниже среднего") -> выше среднего
A71: 0.20412037 | B71: 0 | C71: 0.45 | D71: 0 | E71: 2.82 | F71: 1.24 | G71: 0 | H71: 95.5
A72: 0.20423611 | B72: all | C72: 1.24 | D72: 0 | E72: 6.59 | F72: 0.62 | G72: 0 | H72: 91.54 | I72: =100-H72 -> 8.46 | J72: =Queue!B72 -> 0 | K72: =IF(C72>AVERAGE($C$2:$C$470),"выше среднего","ниже среднего") -> выше среднего
A73: 0.20423611 | B73: 0 | C73: 1.24 | D73: 0 | E73: 6.59 | F73: 0.62 | G73: 0 | H73: 91.54
A74: 0.20435185 | B74: all | C74: 0 | D74: 0 | E74: 0.22 | F74: 0 | G74: 0 | H74: 99.78 | I74: =100-H74 -> 0.22 | J74: =Queue!B74 -> 0 | K74: =IF(C74>AVERAGE($C$2:$C$470),"выше среднего","ниже среднего") -> ниже среднего
A75: 0.20435185 | B75: 0 | C75: 0 | D75: 0 | E75: 0.22 | F75: 0 | G75: 0 | H75: 99.78
A76: 0.20446759 | B76: all | C76: 0 | D76: 0 | E76: 0.22 | F76: 0 | G76: 0 | H76: 99.78 | I76: =100-H76 -> 0.22 | J76: =Queue!B76 -> 0 | K76: =IF(C76>AVERAGE($C$2:$C$470),"выше среднего","ниже среднего") -> ниже среднего
A77: 0.20446759 | B77: 0 | C77: 0 | D77: 0 | E77: 0.22 | F77: 0 | G77: 0 | H77: 99.78
A78: 0.20458333 | B78: all | C78: 0 | D78: 0 | E78: 0.22 | F78: 0.11 | G78: 0 | H78: 99.67 | I78: =100-H78 -> 0.33 | J78: =Queue!B78 -> 0 | K78: =IF(C78>AVERAGE($C$2:$C$470),"выше среднего","ниже среднего") -> ниже среднего
A79: 0.20458333 | B79: 0 | C79: 0 | D79: 0 | E79: 0.22 | F79: 0.11 | G79: 0 | H79: 99.67
A80: 0.20469907 | B80: all | C80: 0 | D80: 0 | E80: 0.22 | F80: 0 | G80: 0 | H80: 99.78 | I80: =100-H80 -> 0.22 | J80: =Queue!B80 -> 0 | K80: =IF(C80>AVERAGE($C$2:$C$470),"выше среднего","ниже среднего") -> ниже среднего
A81: 0.20469907 | B81: 0 | C81: 0 | D81: 0 | E81: 0.22 | F81: 0 | G81: 0 | H81: 99.78
A82: 0.20481481 | B82: all | C82: 0 | D82: 0 | E82: 0.22 | F82: 0 | G82: 0 | H82: 99.78 | I82: =100-H82 -> 0.22 | J82: =Queue!B82 -> 0 | K82: =IF(C82>AVERAGE($C$2:$C$470),"выше среднего","ниже среднего") -> ниже среднего
A83: 0.20481481 | B83: 0 | C83: 0 | D83: 0 | E83: 0.22 | F83: 0 | G83: 0 | H83: 99.78
A84: 0.20493056 | B84: all | C84: 0.11 | D84: 0 | E84: 0.22 | F84: 0.11 | G84: 0 | H84: 99.56 | I84: =100-H84 -> 0.44 | J84: =Queue!B84 -> 0 | K84: =IF(C84>AVERAGE($C$2:$C$470),"выше среднего","ниже среднего") -> выше среднего
A85: 0.20493056 | B85: 0 | C85: 0.11 | D85: 0 | E85: 0.22 | F85: 0.11 | G85: 0 | H85: 99.56
A86: 0.2050463 | B86: all | C86: 0 | D86: 0 | E86: 0.22 | F86: 0 | G86: 0 | H86: 99.78 | I86: =100-H86 -> 0.22 | J86: =Queue!B86 -> 0 | K86: =IF(C86>AVERAGE($C$2:$C$470),"выше среднего","ниже среднего") -> ниже среднего
A87: 0.2050463 | B87: 0 | C87: 0 | D87: 0 | E87: 0.22 | F87: 0 | G87: 0 | H87: 99.78
A88: 0.20516204 | B88: all | C88: 0 | D88: 0 | E88: 0.11 | F88: 0 | G88: 0 | H88: 99.89 | I88: =100-H88 -> 0.11 | J88: =Queue!B88 -> 0 | K88: =IF(C88>AVERAGE($C$2:$C$470),"выше среднего","ниже среднего") -> ниже среднего
A89: 0.20516204 | B89: 0 | C89: 0 | D89: 0 | E89: 0.11 | F89: 0 | G89: 0 | H89: 99.89
A90: 0.20527778 | B90: all | C90: 0 | D90: 0 | E90: 0.22 | F90: 0 | G90: 0 | H90: 99.78 | I90: =100-H90 -> 0.22 | J90: =Queue!B90 -> 0 | K90: =IF(C90>AVERAGE($C$2:$C$470),"выше среднего","ниже среднего") -> ниже среднего
A91: 0.20527778 | B91: 0 | C91: 0 | D91: 0 | E91: 0.22 | F91: 0 | G91: 0 | H91: 99.78
A92: 0.20539352 | B92: all | C92: 0 | D92: 0 | E92: 0.33 | F92: 0 | G92: 0 | H92: 99.67 | I92: =100-H92 -> 0.33 | J92: =Queue!B92 -> 0 | K92: =IF(C92>AVERAGE($C$2:$C$470),"выше среднего","ниже среднего") -> ниже среднего
A93: 0.20539352 | B93: 0 | C93: 0 | D93: 0 | E93: 0.33 | F93: 0 | G93: 0 | H93: 99.67
A94: 0.20550926 | B94: all | C94: 0 | D94: 0 | E94: 0.11 | F94: 0.11 | G94: 0 | H94: 99.78 | I94: =100-H94 -> 0.22 | J94: =Queue!B94 -> 0 | K94: =IF(C94>AVERAGE($C$2:$C$470),"выше среднего","ниже среднего") -> ниже среднего
A95: 0.20550926 | B95: 0 | C95: 0 | D95: 0 | E95: 0.11 | F95: 0.11 | G95: 0 | H95: 99.78
A96: 0.205625 | B96: all | C96: 0 | D96: 0 | E96: 0.22 | F96: 0 | G96: 0 | H96: 99.78 | I96: =100-H96 -> 0.22 | J96: =Queue!B96 -> 0 | K96: =IF(C96>AVERAGE($C$2:$C$470),"выше среднего","ниже среднего") -> ниже среднего
A97: 0.205625 | B97: 0 | C97: 0 | D97: 0 | E97: 0.22 | F97: 0 | G97: 0 | H97: 99.78
A98: 0.20574074 | B98: all | C98: 0 | D98: 0 | E98: 0.22 | F98: 0 | G98: 0 | H98: 99.78 | I98: =100-H98 -> 0.22 | J98: =Queue!B98 -> 0 | K98: =IF(C98>AVERAGE($C$2:$C$470),"выше среднего","ниже среднего") -> ниже среднего
A99: 0.20574074 | B99: 0 | C99: 0 | D99: 0 | E99: 0.22 | F99: 0 | G99: 0 | H99: 99.78
A100: 0.20585648 | B100: all | C100: 0 | D100: 0 | E100: 0.22 | F100: 0 | G100: 0 | H100: 99.78 | I100: =100-H100 -> 0.22 | J100: =Queue!B100 -> 0 | K100: =IF(C100>AVERAGE($C$2:$C$470),"выше среднего","ниже среднего") -> ниже среднего
...

Sheet Queue
A1: Время | B1: runq-sz | C1: plist-sz | D1: ldavg-1 | E1: ldavg-5 | F1: ldavg-15 | G1: blocked
A2: 0.20018519 | B2: 0 | C2: 121 | D2: 0.00 | E2: 0.00 | F2: 0.01 | G2: 0
A3: 0.20030093 | B3: 0 | C3: 122 | D3: 0.00 | E3: 0.00 | F3: 0.00 | G3: 0
A4: 0.20041667 | B4: 0 | C4: 122 | D4: 0.00 | E4: 0.00 | F4: 0.00 | G4: 0
A5: 0.20053241 | B5: 0 | C5: 122 | D5: 0.00 | E5: 0.00 | F5: 0.00 | G5: 0
A6: 0.20064815 | B6: 0 | C6: 122 | D6: 0.00 | E6: 0.00 | F6: 0.00 | G6: 0
A7: 0.20076389 | B7: 0 | C7: 122 | D7: 0.00 | E7: 0.00 | F7: 0.00 | G7: 0
A8: 0.20087963 | B8: 0 | C8: 122 | D8: 0.00 | E8: 0.00 | F8: 0.00 | G8: 0
A9: 0.20099537 | B9: 0 | C9: 122 | D9: 0.00 | E9: 0.00 | F9: 0.00 | G9: 0
A10: 0.20111111 | B10: 0 | C10: 122 | D10: 0.00 | E10: 0.00 | F10: 0.00 | G10: 0
A11: 0.20122685 | B11: 0 | C11: 122 | D11: 0.00 | E11: 0.00 | F11: 0.00 | G11: 0
A12: 0.20134259 | B12: 0 | C12: 122 | D12: 0.00 | E12: 0.00 | F12: 0.00 | G12: 0
A13: 0.20145833 | B13: 0 | C13: 124 | D13: 0.00 | E13: 0.00 | F13: 0.00 | G13: 0
... A241: 0.22784722 | B241: 0 | C241: 125 | D241: 0.00 | E241: 0.00 | F241: 0.00 | G241: 0
A242: Average: | B242: 0 | C242: 127 | D242: 0.00 | E242: 0.00 | F242: 0.00 | G242: 0

Sheet Memory
A1: Время | B1: kbmemfree | C1: kbavail | D1: kbmemused | E1: %memused | F1: kbbuffers | G1: kbcached | H1: kbcommit | I1: %commit | J1: kbactive | K1: kbinact | L1: kbdirty | M1: kbanonpg | N1: kbslab | O1: kbkstack | P1: kbpgtbl | Q1: kbvmused | R1: %swpused число
A2: 0.20018519 | B2: 1579632 | C2: 1704472 | D2: 120736 | E2: 5.99 | F2: 19368 | G2: 238416 | H2: 248996 | I2: 12.36 | J2: 237864 | K2: 53968 | L2: 44 | M2: 61372 | N2: 57144 | O2: 1936 | P2: 2536 | Q2: 21988 | R2: =Swap!D2 -> 0
A3: 0.20030093 | B3: 1579632 | C3: 1704484 | D3: 120700 | E3: 5.99 | F3: 19376 | G3: 238420 | H3: 248996 | I3: 12.36 | J3: 237892 | K3: 53980 | L3: 44 | M3: 61400 | N3: 57168 | O3: 1952 | P3: 2536 | Q3: 22004 | R3: =Swap!D3 -> 0
A4: 0.20041667 | B4: 1579632 | C4: 1704504 | D4: 120688 | E4: 5.99 | F4: 19384 | G4: 238424 | H4: 248996 | I4: 12.36 | J4: 237892 | K4: 54000 | L4: 8 | M4: 61400 | N4: 57168 | O4: 1952 | P4: 2536 | Q4: 22004 | R4: =Swap!D4 -> 0
A5: 0.20053241 | B5: 1579632 | C5: 1704504 | D5: 120676 | E5: 5.99 | F5: 19392 | G5: 238428 | H5: 248996 | I5: 12.36 | J5: 237892 | K5: 54000 | L5: 16 | M5: 61400 | N5: 57168 | O5: 1952 | P5: 2536 | Q5: 22004 | R5: =Swap!D5 -> 0
A6: 0.20064815 | B6: 1579632 | C6: 1704504 | D6: 120668 | E6: 5.99 | F6: 19400 | G6: 238428 | H6: 248996 | I6: 12.36 | J6: 237892 | K6: 54000 | L6: 16 | M6: 61400 | N6: 57168 | O6: 1952 | P6: 2536 | Q6: 22004 | R6: =Swap!D6 -> 0
A7: 0.20076389 | B7: 1579632 | C7: 1704528 | D7: 120656 | E7: 5.99 | F7: 19408 | G7: 238432 | H7: 248996 | I7: 12.36 | J7: 237892 | K7: 54024 | L7: 12 | M7: 61400 | N7: 57168 | O7: 1952 | P7: 2536 | Q7: 22004 | R7: =Swap!D7 -> 0
A8: 0.20087963 | B8: 1579632 | C8: 1704548 | D8: 120644 | E8: 5.99 | F8: 19416 | G8: 238436 | H8: 248996 | I8: 12.36 | J8: 237892 | K8: 54044 | L8: 8 | M8: 61400 | N8: 57168 | O8: 1952 | P8: 2536 | Q8: 22004 | R8: =Swap!D8 -> 0
A9: 0.20099537 | B9: 1579632 | C9: 1704548 | D9: 120632 | E9: 5.99 | F9: 19424 | G9: 238440 | H9: 248996 | I9: 12.36 | J9: 237892 | K9: 54044 | L9: 20 | M9: 61400 | N9: 57168 | O9: 1952 | P9: 2536 | Q9: 22004 | R9: =Swap!D9 -> 0
A10: 0.20111111 | B10: 1579632 | C10: 1704548 | D10: 120620 | E10: 5.99 | F10: 19432 | G10: 238444 | H10: 248996 | I10: 12.36 | J10: 237892 | K10: 54044 | L10: 24 | M10: 61400 | N10: 57168 | O10: 1952 | P10: 2536 | Q10: 22004 | R10: =Swap!D10 -> 0
A11: 0.20122685 | B11: 1579632 | C11: 1704580 | D11: 120604 | E11: 5.98 | F11: 19440 | G11: 238448 | H11: 248996 | I11: 12.36 | J11: 237892 | K11: 54072 | L11: 16 | M11: 61400 | N11: 57172 | O11: 1952 | P11: 2536 | Q11: 22004 | R11: =Swap!D11 -> 0
A12: 0.20134259 | B12: 1579632 | C12: 1704592 | D12: 120592 | E12: 5.98 | F12: 19448 | G12: 238452 | H12: 248996 | I12: 12.36 | J12: 237892 | K12: 54084 | L12: 12 | M12: 61400 | N12: 57172 | O12: 1952 | P12: 2536 | Q12: 22004 | R12: =Swap!D12 -> 0
A13: 0.20145833 | B13: 1579380 | C13: 1704372 | D13: 120812 | E13: 5.99 | F13: 19464 | G13: 238460 | H13: 248996 | I13: 12.36 | J13: 237892 | K13: 54116 | L13: 188 | M13: 61400 | N13: 57180 | O13: 1984 | P13: 2536 | Q13: 22052 | R13: =Swap!D13 -> 0
... A241: 0.22784722 | B241: 1508652 | C241: 1673824 | D241: 150204 | E241: 7.45 | F241: 22192 | G241: 275276 | H241: 284028 | I241: 14.09 | J241: 257592 | K241: 75708 | L241: 4 | M241: 63148 | N241: 58972 | O241: 2000 | P241: 2652 | Q241: 22144 | R241: =Swap!D241 -> 0
A242: Average: | B242: 1518082 | C242: 1675673 | D242: 148507 | E242: 7.37 | F242: 20925 | G242: 269093 | H242: 312000 | I242: 15.48 | J242: 256565 | K242: 71198 | L242: 38 | M242: 65073 | N242: 58690 | O242: 2036 | P242: 2736 | Q242: 22190 | R242: =Swap!D242 -> 0

Sheet Swap
A1: Время | B1: kbswpfree | C1: kbswpused | D1: %swpused | E1: kbswpcad | F1: %swpcad
A2: 0.20018519 | B2: 0 | C2: 0 | D2: 0 | E2: 0 | F2: 0
A3: 0.20030093 | B3: 0 | C3: 0 | D3: 0 | E3: 0 | F3: 0
A4: 0.20041667 | B4: 0 | C4: 0 | D4: 0 | E4: 0 | F4: 0
A5: 0.20053241 | B5: 0 | C5: 0 | D5: 0 | E5: 0 | F5: 0
A6: 0.20064815 | B6: 0 | C6: 0 | D6: 0 | E6: 0 | F6: 0
A7: 0.20076389 | B7: 0 | C7: 0 | D7: 0 | E7: 0 | F7: 0
A8: 0.20087963 | B8: 0 | C8: 0 | D8: 0 | E8: 0 | F8: 0
A9: 0.20099537 | B9: 0 | C9: 0 | D9: 0 | E9: 0 | F9: 0
A10: 0.20111111 | B10: 0 | C10: 0 | D10: 0 | E10: 0 | F10: 0
A11: 0.20122685 | B11: 0 | C11: 0 | D11: 0 | E11: 0 | F11: 0
A12: 0.20134259 | B12: 0 | C12: 0 | D12: 0 | E12: 0 | F12: 0
A13: 0.20145833 | B13: 0 | C13: 0 | D13: 0 | E13: 0 | F13: 0
... A241: 0.22784722 | B241: 0 | C241: 0 | D241: 0 | E241: 0 | F241: 0
A242: Average: | B242: 0 | C242: 0 | D242: 0 | E242: 0 | F242: 0

Sheet Network
A1: Время | B1: IFACE | C1: rxpck/s | D1: txpck/s | E1: rxkB/s | F1: txkB/s | G1: rxcmp/s | H1: txcmp/s | I1: rxmcst/s | J1: %ifutil | K1: Получаемые данные, Кбит/с | L1: Передаваемые данные, Кбит/с
A2: 0.20018519 | B2: lo | C2: 0 | D2: 0 | E2: 0 | F2: 0 | G2: 0 | H2: 0 | I2: 0 | J2: 0 | K2: =IF(B2="enp0s3",E2*8,NA()) -> #N/A | L2: =IF(B2="enp0s3",F2*8,NA()) -> #N/A
A3: 0.20018519 | B3: enp0s3 | C3: 1.2 | D3: 0.1 | E3: 0.1 | F3: 0.02 | G3: 0 | H3: 0 | I3: 0 | J3: 0 | K3: =IF(B3="enp0s3",E3*8,NA()) -> 0.8 | L3: =IF(B3="enp0s3",F3*8,NA()) -> 0.16
A4: 0.20030093 | B4: lo | C4: 0 | D4: 0 | E4: 0 | F4: 0 | G4: 0 | H4: 0 | I4: 0 | J4: 0 | K4: =IF(B4="enp0s3",E4*8,NA()) -> #N/A | L4: =IF(B4="enp0s3",F4*8,NA()) -> #N/A
A5: 0.20030093 | B5: enp0s3 | C5: 0.9 | D5: 1.3 | E5: 0.09 | F5: 1.48 | G5: 0 | H5: 0 | I5: 0 | J5: 0 | K5: =IF(B5="enp0s3",E5*8,NA()) -> 0.72 | L5: =IF(B5="enp0s3",F5*8,NA()) -> 11.84
A6: 0.20041667 | B6: lo | C6: 0 | D6: 0 | E6: 0 | F6: 0 | G6: 0 | H6: 0 | I6: 0 | J6: 0 | K6: =IF(B6="enp0s3",E6*8,NA()) -> #N/A | L6: =IF(B6="enp0s3",F6*8,NA()) -> #N/A
A7: 0.20041667 | B7: enp0s3 | C7: 1 | D7: 1.1 | E7: 0.06 | F7: 1.46 | G7: 0 | H7: 0 | I7: 0 | J7: 0 | K7: =IF(B7="enp0s3",E7*8,NA()) -> 0.48 | L7: =IF(B7="enp0s3",F7*8,NA()) -> 11.68
A8: 0.20053241 | B8: lo | C8: 0 | D8: 0 | E8: 0 | F8: 0 | G8: 0 | H8: 0 | I8: 0 | J8: 0 | K8: =IF(B8="enp0s3",E8*8,NA()) -> #N/A | L8: =IF(B8="enp0s3",F8*8,NA()) -> #N/A
A9: 0.20053241 | B9: enp0s3 | C9: 1.3 | D9: 1.2 | E9: 0.13 | F9: 1.47 | G9: 0 | H9: 0 | I9: 0 | J9: 0 | K9: =IF(B9="enp0s3",E9*8,NA()) -> 1.04 | L9: =IF(B9="enp0s3",F9*8,NA()) -> 11.76
A10: 0.20064815 | B10: lo | C10: 0 | D10: 0 | E10: 0 | F10: 0 | G10: 0 | H10: 0 | I10: 0 | J10: 0 | K10: =IF(B10="enp0s3",E10*8,NA()) -> #N/A | L10: =IF(B10="enp0s3",F10*8,NA()) -> #N/A
A11: 0.20064815 | B11: enp0s3 | C11: 1.2 | D11: 1.3 | E11: 0.09 | F11: 1.47 | G11: 0 | H11: 0 | I11: 0 | J11: 0 | K11: =IF(B11="enp0s3",E11*8,NA()) -> 0.72 | L11: =IF(B11="enp0s3",F11*8,NA()) -> 11.76
A12: 0.20076389 | B12: lo | C12: 0 | D12: 0 | E12: 0 | F12: 0 | G12: 0 | H12: 0 | I12: 0 | J12: 0 | K12: =IF(B12="enp0s3",E12*8,NA()) -> #N/A | L12: =IF(B12="enp0s3",F12*8,NA()) -> #N/A
A13: 0.20076389 | B13: enp0s3 | C13: 0.9 | D13: 1.2 | E13: 0.07 | F13: 1.47 | G13: 0 | H13: 0 | I13: 0.1 | J13: 0 | K13: =IF(B13="enp0s3",E13*8,NA()) -> 0.56 | L13: =IF(B13="enp0s3",F13*8,NA()) -> 11.76
... A15: 0.20087963 | B15: enp0s3 | C15: 1.6 | D15: 1.1 | E15: 0.13 | F15: 1.46 | G15: 0 | H15: 0 | I15: 0 | J15: 0 | K15: =IF(B15="enp0s3",E15*8,NA()) -> 1.04 | L15: =IF(B15="enp0s3",F15*8,NA()) -> 11.68
A16: 0.20099537 | B16: lo | C16: 0 | D16: 0 | E16: 0 | F16: 0 | G16: 0 | H16: 0 | I16: 0 | J16: 0
A17: 0.20099537 | B17: enp0s3 | C17: 1.6 | D17: 1.3 | E17: 0.11 | F17: 1.47 | G17: 0 | H17: 0 | I17: 0 | J17: 0 | K17: =IF(B17="enp0s3",E17*8,NA()) -> 0.88 | L17: =IF(B17="enp0s3",F17*8,NA()) -> 11.76
A18: 0.20111111 | B18: lo | C18: 0 | D18: 0 | E18: 0 | F18: 0 | G18: 0 | H18: 0 | I18: 0 | J18: 0
A19: 0.20111111 | B19: enp0s3 | C19: 1.1 | D19: 1.3 | E19: 0.08 | F19: 1.47 | G19: 0 | H19: 0 | I19: 0 | J19: 0 | K19: =IF(B19="enp0s3",E19*8,NA()) -> 0.64 | L19: =IF(B19="enp0s3",F19*8,NA()) -> 11.76
A20: 0.20122685 | B20: lo | C20: 0 | D20: 0 | E20: 0 | F20: 0 | G20: 0 | H20: 0 | I20: 0 | J20: 0
A21: 0.20122685 | B21: enp0s3 | C21: 0.8 | D21: 1.2 | E21: 0.1 | F21: 1.47 | G21: 0 | H21: 0 | I21: 0 | J21: 0 | K21: =IF(B21="enp0s3",E21*8,NA()) -> 0.8 | L21: =IF(B21="enp0s3",F21*8,NA()) -> 11.76
A22: 0.20134259 | B22: lo | C22: 0 | D22: 0 | E22: 0 | F22: 0 | G22: 0 | H22: 0 | I22: 0 | J22: 0
A23: 0.20134259 | B23: enp0s3 | C23: 1.1 | D23: 1.1 | E23: 0.07 | F23: 1.46 | G23: 0 | H23: 0 | I23: 0 | J23: 0 | K23: =IF(B23="enp0s3",E23*8,NA()) -> 0.56 | L23: =IF(B23="enp0s3",F23*8,NA()) -> 11.68
A24: 0.20145833 | B24: lo | C24: 0 | D24: 0 | E24: 0 | F24: 0 | G24: 0 | H24: 0 | I24: 0 | J24: 0
A25: 0.20145833 | B25: enp0s3 | C25: 2.1 | D25: 1.2 | E25: 0.14 | F25: 1.47 | G25: 0 | H25: 0 | I25: 0 | J25: 0 | K25: =IF(B25="enp0s3",E25*8,NA()) -> 1.12 | L25: =IF(B25="enp0s3",F25*8,NA()) -> 11.76
A26: 0.20157407 | B26: lo | C26: 0 | D26: 0 | E26: 0 | F26: 0 | G26: 0 | H26: 0 | I26: 0 | J26: 0
A27: 0.20157407 | B27: enp0s3 | C27: 1.4 | D27: 1.3 | E27: 0.13 | F27: 1.47 | G27: 0 | H27: 0 | I27: 0 | J27: 0 | K27: =IF(B27="enp0s3",E27*8,NA()) -> 1.04 | L27: =IF(B27="enp0s3",F27*8,NA()) -> 11.76
A28: 0.20168981 | B28: lo | C28: 0 | D28: 0 | E28: 0 | F28: 0 | G28: 0 | H28: 0 | I28: 0 | J28: 0
A29: 0.20168981 | B29: enp0s3 | C29: 0.8 | D29: 1.2 | E29: 0.07 | F29: 1.47 | G29: 0 | H29: 0 | I29: 0 | J29: 0 | K29: =IF(B29="enp0s3",E29*8,NA()) -> 0.56 | L29: =IF(B29="enp0s3",F29*8,NA()) -> 11.76
A30: 0.20180556 | B30: lo | C30: 0 | D30: 0 | E30: 0 | F30: 0 | G30: 0 | H30: 0 | I30: 0 | J30: 0
A31: 0.20180556 | B31: enp0s3 | C31: 0.6 | D31: 1.1 | E31: 0.04 | F31: 1.46 | G31: 0 | H31: 0 | I31: 0 | J31: 0 | K31: =IF(B31="enp0s3",E31*8,NA()) -> 0.32 | L31: =IF(B31="enp0s3",F31*8,NA()) -> 11.68
A32: 0.2019213 | B32: lo | C32: 0 | D32: 0 | E32: 0 | F32: 0 | G32: 0 | H32: 0 | I32: 0 | J32: 0
A33: 0.2019213 | B33: enp0s3 | C33: 1 | D33: 1.2 | E33: 0.11 | F33: 1.47 | G33: 0 | H33: 0 | I33: 0 | J33: 0 | K33: =IF(B33="enp0s3",E33*8,NA()) -> 0.88 | L33: =IF(B33="enp0s3",F33*8,NA()) -> 11.76
A34: 0.20203704 | B34: lo | C34: 0 | D34: 0 | E34: 0 | F34: 0 | G34: 0 | H34: 0 | I34: 0 | J34: 0
A35: 0.20203704 | B35: enp0s3 | C35: 0.9 | D35: 1.3 | E35: 0.07 | F35: 1.48 | G35: 0 | H35: 0 | I35: 0 | J35: 0 | K35: =IF(B35="enp0s3",E35*8,NA()) -> 0.56 | L35: =IF(B35="enp0s3",F35*8,NA()) -> 11.84
A36: 0.20215278 | B36: lo | C36: 0 | D36: 0 | E36: 0 | F36: 0 | G36: 0 | H36: 0 | I36: 0 | J36: 0
A37: 0.20215278 | B37: enp0s3 | C37: 1.2 | D37: 1.3 | E37: 0.09 | F37: 1.47 | G37: 0 | H37: 0 | I37: 0 | J37: 0 | K37: =IF(B37="enp0s3",E37*8,NA()) -> 0.72 | L37: =IF(B37="enp0s3",F37*8,NA()) -> 11.76
A38: 0.20226852 | B38: lo | C38: 0 | D38: 0 | E38: 0 | F38: 0 | G38: 0 | H38: 0 | I38: 0 | J38: 0
A39: 0.20226852 | B39: enp0s3 | C39: 0.9 | D39: 1.3 | E39: 0.09 | F39: 1.48 | G39: 0 | H39: 0 | I39: 0.1 | J39: 0 | K39: =IF(B39="enp0s3",E39*8,NA()) -> 0.72 | L39: =IF(B39="enp0s3",F39*8,NA()) -> 11.84
A40: 0.20238426 | B40: lo | C40: 0 | D40: 0 | E40: 0 | F40: 0 | G40: 0 | H40: 0 | I40: 0 | J40: 0
A41: 0.20238426 | B41: enp0s3 | C41: 0.9 | D41: 1.2 | E41: 0.07 | F41: 1.47 | G41: 0 | H41: 0 | I41: 0 | J41: 0 | K41: =IF(B41="enp0s3",E41*8,NA()) -> 0.56 | L41: =IF(B41="enp0s3",F41*8,NA()) -> 11.76
A42: 0.2025 | B42: lo | C42: 0 | D42: 0 | E42: 0 | F42: 0 | G42: 0 | H42: 0 | I42: 0 | J42: 0
A43: 0.2025 | B43: enp0s3 | C43: 1.1 | D43: 1.2 | E43: 0.08 | F43: 1.47 | G43: 0 | H43: 0 | I43: 0 | J43: 0 | K43: =IF(B43="enp0s3",E43*8,NA()) -> 0.64 | L43: =IF(B43="enp0s3",F43*8,NA()) -> 11.76
A44: 0.20261574 | B44: lo | C44: 0 | D44: 0 | E44: 0 | F44: 0 | G44: 0 | H44: 0 | I44: 0 | J44: 0
A45: 0.20261574 | B45: enp0s3 | C45: 1.1 | D45: 1.3 | E45: 0.11 | F45: 1.47 | G45: 0 | H45: 0 | I45: 0 | J45: 0 | K45: =IF(B45="enp0s3",E45*8,NA()) -> 0.88 | L45: =IF(B45="enp0s3",F45*8,NA()) -> 11.76
A46: 0.20273148 | B46: lo | C46: 0 | D46: 0 | E46: 0 | F46: 0 | G46: 0 | H46: 0 | I46: 0 | J46: 0
A47: 0.20273148 | B47: enp0s3 | C47: 0.8 | D47: 1.2 | E47: 0.05 | F47: 1.47 | G47: 0 | H47: 0 | I47: 0 | J47: 0 | K47: =IF(B47="enp0s3",E47*8,NA()) -> 0.4 | L47: =IF(B47="enp0s3",F47*8,NA()) -> 11.76
A48: 0.20284722 | B48: lo | C48: 0 | D48: 0 | E48: 0 | F48: 0 | G48: 0 | H48: 0 | I48: 0 | J48: 0
A49: 0.20284722 | B49: enp0s3 | C49: 0.9 | D49: 1.2 | E49: 0.07 | F49: 1.47 | G49: 0 | H49: 0 | I49: 0 | J49: 0 | K49: =IF(B49="enp0s3",E49*8,NA()) -> 0.56 | L49: =IF(B49="enp0s3",F49*8,NA()) -> 11.76
A50: 0.20296296 | B50: lo | C50: 0 | D50: 0 | E50: 0 | F50: 0 | G50: 0 | H50: 0 | I50: 0 | J50: 0
A51: 0.20296296 | B51: enp0s3 | C51: 1.1 | D51: 1.2 | E51: 0.11 | F51: 1.47 | G51: 0 | H51: 0 | I51: 0 | J51: 0 | K51: =IF(B51="enp0s3",E51*8,NA()) -> 0.88 | L51: =IF(B51="enp0s3",F51*8,NA()) -> 11.76
A52: 0.2030787 | B52: lo | C52: 0 | D52: 0 | E52: 0 | F52: 0 | G52: 0 | H52: 0 | I52: 0 | J52: 0
A53: 0.2030787 | B53: enp0s3 | C53: 0.8 | D53: 1.2 | E53: 0.07 | F53: 1.47 | G53: 0 | H53: 0 | I53: 0 | J53: 0 | K53: =IF(B53="enp0s3",E53*8,NA()) -> 0.56 | L53: =IF(B53="enp0s3",F53*8,NA()) -> 11.76
A54: 0.20319444 | B54: lo | C54: 0 | D54: 0 | E54: 0 | F54: 0 | G54: 0 | H54: 0 | I54: 0 | J54: 0
A55: 0.20319444 | B55: enp0s3 | C55: 0.9 | D55: 1.2 | E55: 0.06 | F55: 1.46 | G55: 0 | H55: 0 | I55: 0 | J55: 0 | K55: =IF(B55="enp0s3",E55*8,NA()) -> 0.48 | L55: =IF(B55="enp0s3",F55*8,NA()) -> 11.68
A56: 0.20331019 | B56: lo | C56: 0 | D56: 0 | E56: 0 | F56: 0 | G56: 0 | H56: 0 | I56: 0 | J56: 0
A57: 0.20331019 | B57: enp0s3 | C57: 1.1 | D57: 1.2 | E57: 0.11 | F57: 1.47 | G57: 0 | H57: 0 | I57: 0 | J57: 0 | K57: =IF(B57="enp0s3",E57*8,NA()) -> 0.88 | L57: =IF(B57="enp0s3",F57*8,NA()) -> 11.76
A58: 0.20342593 | B58: lo | C58: 0 | D58: 0 | E58: 0 | F58: 0 | G58: 0 | H58: 0 | I58: 0 | J58: 0
A59: 0.20342593 | B59: enp0s3 | C59: 0.8 | D59: 1.2 | E59: 0.07 | F59: 1.47 | G59: 0 | H59: 0 | I59: 0 | J59: 0 | K59: =IF(B59="enp0s3",E59*8,NA()) -> 0.56 | L59: =IF(B59="enp0s3",F59*8,NA()) -> 11.76
A60: 0.20354167 | B60: lo | C60: 0 | D60: 0 | E60: 0 | F60: 0 | G60: 0 | H60: 0 | I60: 0 | J60: 0
A61: 0.20354167 | B61: enp0s3 | C61: 0.9 | D61: 1.2 | E61: 0.07 | F61: 1.47 | G61: 0 | H61: 0 | I61: 0 | J61: 0 | K61: =IF(B61="enp0s3",E61*8,NA()) -> 0.56 | L61: =IF(B61="enp0s3",F61*8,NA()) -> 11.76
A62: 0.20365741 | B62: lo | C62: 0 | D62: 0 | E62: 0 | F62: 0 | G62: 0 | H62: 0 | I62: 0 | J62: 0
A63: 0.20365741 | B63: enp0s3 | C63: 1.2 | D63: 1.2 | E63: 0.1 | F63: 1.46 | G63: 0 | H63: 0 | I63: 0.1 | J63: 0 | K63: =IF(B63="enp0s3",E63*8,NA()) -> 0.8 | L63: =IF(B63="enp0s3",F63*8,NA()) -> 11.68
A64: 0.20377315 | B64: lo | C64: 0 | D64: 0 | E64: 0 | F64: 0 | G64: 0 | H64: 0 | I64: 0 | J64: 0
A65: 0.20377315 | B65: enp0s3 | C65: 1.1 | D65: 1.2 | E65: 0.08 | F65: 1.47 | G65: 0 | H65: 0 | I65: 0 | J65: 0 | K65: =IF(B65="enp0s3",E65*8,NA()) -> 0.64 | L65: =IF(B65="enp0s3",F65*8,NA()) -> 11.76
A66: 0.20388889 | B66: lo | C66: 0 | D66: 0 | E66: 0 | F66: 0 | G66: 0 | H66: 0 | I66: 0 | J66: 0
A67: 0.20388889 | B67: enp0s3 | C67: 0.7 | D67: 1.2 | E67: 0.06 | F67: 1.47 | G67: 0 | H67: 0 | I67: 0 | J67: 0 | K67: =IF(B67="enp0s3",E67*8,NA()) -> 0.48 | L67: =IF(B67="enp0s3",F67*8,NA()) -> 11.76
A68: 0.20400463 | B68: lo | C68: 0 | D68: 0 | E68: 0 | F68: 0 | G68: 0 | H68: 0 | I68: 0 | J68: 0
A69: 0.20400463 | B69: enp0s3 | C69: 1 | D69: 1.2 | E69: 0.11 | F69: 1.47 | G69: 0 | H69: 0 | I69: 0 | J69: 0 | K69: =IF(B69="enp0s3",E69*8,NA()) -> 0.88 | L69: =IF(B69="enp0s3",F69*8,NA()) -> 11.76
A70: 0.20412037 | B70: lo | C70: 1.2 | D70: 1.2 | E70: 0.11 | F70: 0.11 | G70: 0 | H70: 0 | I70: 0 | J70: 0
A71: 0.20412037 | B71: enp0s3 | C71: 4.1 | D71: 3.7 | E71: 2.28 | F71: 1.74 | G71: 0 | H71: 0 | I71: 0 | J71: 0 | K71: =IF(B71="enp0s3",E71*8,NA()) -> 18.24 | L71: =IF(B71="enp0s3",F71*8,NA()) -> 13.92
A72: 0.20423611 | B72: lo | C72: 0 | D72: 0 | E72: 0 | F72: 0 | G72: 0 | H72: 0 | I72: 0 | J72: 0
A73: 0.20423611 | B73: enp0s3 | C73: 136 | D73: 26.4 | E73: 196.83 | F73: 3.15 | G73: 0 | H73: 0 | I73: 0 | J73: 0.16 | K73: =IF(B73="enp0s3",E73*8,NA()) -> 1574.64 | L73: =IF(B73="enp0s3",F73*8,NA()) -> 25.2
A74: 0.20435185 | B74: lo | C74: 0 | D74: 0 | E74: 0 | F74: 0 | G74: 0 | H74: 0 | I74: 0 | J74: 0
A75: 0.20435185 | B75: enp0s3 | C75: 1 | D75: 1.3 | E75: 0.11 | F75: 1.48 | G75: 0 | H75: 0 | I75: 0 | J75: 0 | K75: =IF(B75="enp0s3",E75*8,NA()) -> 0.88 | L75: =IF(B75="enp0s3",F75*8,NA()) -> 11.84
A76: 0.20446759 | B76: lo | C76: 0 | D76: 0 | E76: 0 | F76: 0 | G76: 0 | H76: 0 | I76: 0 | J76: 0
A77: 0.20446759 | B77: enp0s3 | C77: 1.1 | D77: 1.2 | E77: 0.08 | F77: 1.47 | G77: 0 | H77: 0 | I77: 0 | J77: 0 | K77: =IF(B77="enp0s3",E77*8,NA()) -> 0.64 | L77: =IF(B77="enp0s3",F77*8,NA()) -> 11.76
A78: 0.20458333 | B78: lo | C78: 0 | D78: 0 | E78: 0 | F78: 0 | G78: 0 | H78: 0 | I78: 0 | J78: 0
A79: 0.20458333 | B79: enp0s3 | C79: 0.9 | D79: 1.1 | E79: 0.06 | F79: 1.46 | G79: 0 | H79: 0 | I79: 0 | J79: 0 | K79: =IF(B79="enp0s3",E79*8,NA()) -> 0.48 | L79: =IF(B79="enp0s3",F79*8,NA()) -> 11.68
A80: 0.20469907 | B80: lo | C80: 0 | D80: 0 | E80: 0 | F80: 0 | G80: 0 | H80: 0 | I80: 0 | J80: 0
A81: 0.20469907 | B81: enp0s3 | C81: 1.1 | D81: 1.4 | E81: 0.12 | F81: 1.49 | G81: 0 | H81: 0 | I81: 0 | J81: 0 | K81: =IF(B81="enp0s3",E81*8,NA()) -> 0.96 | L81: =IF(B81="enp0s3",F81*8,NA()) -> 11.92
A82: 0.20481481 | B82: lo | C82: 0 | D82: 0 | E82: 0 | F82: 0 | G82: 0 | H82: 0 | I82: 0 | J82: 0
A83: 0.20481481 | B83: enp0s3 | C83: 0.8 | D83: 1.2 | E83: 0.07 | F83: 1.47 | G83: 0 | H83: 0 | I83: 0 | J83: 0 | K83: =IF(B83="enp0s3",E83*8,NA()) -> 0.56 | L83: =IF(B83="enp0s3",F83*8,NA()) -> 11.76
A84: 0.20493056 | B84: lo | C84: 0 | D84: 0 | E84: 0 | F84: 0 | G84: 0 | H84: 0 | I84: 0 | J84: 0
A85: 0.20493056 | B85: enp0s3 | C85: 1.2 | D85: 1.2 | E85: 0.09 | F85: 1.47 | G85: 0 | H85: 0 | I85: 0 | J85: 0 | K85: =IF(B85="enp0s3",E85*8,NA()) -> 0.72 | L85: =IF(B85="enp0s3",F85*8,NA()) -> 11.76
A86: 0.2050463 | B86: lo | C86: 0 | D86: 0 | E86: 0 | F86: 0 | G86: 0 | H86: 0 | I86: 0 | J86: 0
A87: 0.2050463 | B87: enp0s3 | C87: 0.9 | D87: 1.1 | E87: 0.09 | F87: 1.46 | G87: 0 | H87: 0 | I87: 0 | J87: 0 | K87: =IF(B87="enp0s3",E87*8,NA()) -> 0.72 | L87: =IF(B87="enp0s3",F87*8,NA()) -> 11.68
A88: 0.20516204 | B88: lo | C88: 0 | D88: 0 | E88: 0 | F88: 0 | G88: 0 | H88: 0 | I88: 0 | J88: 0
A89: 0.20516204 | B89: enp0s3 | C89: 1.1 | D89: 1.2 | E89: 0.08 | F89: 1.47 | G89: 0 | H89: 0 | I89: 0.1 | J89: 0 | K89: =IF(B89="enp0s3",E89*8,NA()) -> 0.64 | L89: =IF(B89="enp0s3",F89*8,NA()) -> 11.76
A90: 0.20527778 | B90: lo | C90: 0 | D90: 0 | E90: 0 | F90: 0 | G90: 0 | H90: 0 | I90: 0 | J90: 0
A91: 0.20527778 | B91: enp0s3 | C91: 0.9 | D91: 1.3 | E91: 0.07 | F91: 1.47 | G91: 0 | H91: 0 | I91: 0 | J91: 0 | K91: =IF(B91="enp0s3",E91*8,NA()) -> 0.56 | L91: =IF(B91="enp0s3",F91*8,NA()) -> 11.76
A92: 0.20539352 | B92: lo | C92: 0 | D92: 0 | E92: 0 | F92: 0 | G92: 0 | H92: 0 | I92: 0 | J92: 0
A93: 0.20539352 | B93: enp0s3 | C93: 0.9 | D93: 1.2 | E93: 0.1 | F93: 1.47 | G93: 0 | H93: 0 | I93: 0 | J93: 0 | K93: =IF(B93="enp0s3",E93*8,NA()) -> 0.8 | L93: =IF(B93="enp0s3",F93*8,NA()) -> 11.76
A94: 0.20550926 | B94: lo | C94: 0 | D94: 0 | E94: 0 | F94: 0 | G94: 0 | H94: 0 | I94: 0 | J94: 0
A95: 0.20550926 | B95: enp0s3 | C95: 0.9 | D95: 1.2 | E95: 0.06 | F95: 1.47 | G95: 0 | H95: 0 | I95: 0 | J95: 0 | K95: =IF(B95="enp0s3",E95*8,NA()) -> 0.48 | L95: =IF(B95="enp0s3",F95*8,NA()) -> 11.76
A96: 0.205625 | B96: lo | C96: 0 | D96: 0 | E96: 0 | F96: 0 | G96: 0 | H96: 0 | I96: 0 | J96: 0
A97: 0.205625 | B97: enp0s3 | C97: 1 | D97: 1.3 | E97: 0.08 | F97: 1.48 | G97: 0 | H97: 0 | I97: 0 | J97: 0 | K97: =IF(B97="enp0s3",E97*8,NA()) -> 0.64 | L97: =IF(B97="enp0s3",F97*8,NA()) -> 11.84
A98: 0.20574074 | B98: lo | C98: 0 | D98: 0 | E98: 0 | F98: 0 | G98: 0 | H98: 0 | I98: 0 | J98: 0
A99: 0.20574074 | B99: enp0s3 | C99: 1.3 | D99: 1.2 | E99: 0.13 | F99: 1.47 | G99: 0 | H99: 0 | I99: 0 | J99: 0 | K99: =IF(B99="enp0s3",E99*8,NA()) -> 1.04 | L99: =IF(B99="enp0s3",F99*8,NA()) -> 11.76
A100: 0.20585648 | B100: lo | C100: 0 | D100: 0 | E100: 0 | F100: 0 | G100: 0 | H100: 0 | I100: 0 | J100: 0
A101: 0.20585648 | B101: enp0s3 | C101: 1.1 | D101: 1.3 | E101: 0.08 | F101: 1.47 | G101: 0 | H101: 0 | I101: 0 | J101: 0 | K101: =IF(B101="enp0s3",E101*8,NA()) -> 0.64 | L101: =IF(B101="enp0s3",F101*8,NA()) -> 11.76
...

Sheet Disk
A1: Время | B1: tps | C1: rkB/s | D1: wkB/s | E1: dkB/s | F1: areq-sz | G1: aqu-sz | H1: await | I1: %util | J1: DEV | K1: Среднее время выполнения чтения/записи sda | L1: Среднее время обслуживания чтения/записи | M1: Среднее время выполнения чтения/записи sda2
A2: 0.20018519 | B2: 0 | C2: 0 | D2: 0 | E2: 0 | F2: 0 | G2: 0 | H2: 0 | I2: 0 | J2: loop0 | K2: =IF(J2="sda",H2,NA()) -> #N/A | L2: =NA() -> #N/A | M2: =IF(J2="sda2",H2,NA()) -> #N/A
A3: 0.20018519 | B3: 0.3 | C3: 0 | D3: 6 | E3: 0 | F3: 20 | G3: 0 | H3: 0.67 | I3: 0.02 | J3: sda | K3: =IF(J3="sda",H3,NA()) -> 0.67 | L3: =NA() -> #N/A | M3: =IF(J3="sda2",H3,NA()) -> #N/A
A4: 0.20018519 | B4: 0 | C4: 0 | D4: 0 | E4: 0 | F4: 0 | G4: 0 | H4: 0 | I4: 0 | J4: sda1 | K4: =IF(J4="sda",H4,NA()) -> #N/A | L4: =NA() -> #N/A | M4: =IF(J4="sda2",H4,NA()) -> #N/A
A5: 0.20018519 | B5: 0.3 | C5: 0 | D5: 6 | E5: 0 | F5: 20 | G5: 0 | H5: 0.67 | I5: 0.02 | J5: sda2 | K5: =IF(J5="sda",H5,NA()) -> #N/A | L5: =NA() -> #N/A | M5: =IF(J5="sda2",H5,NA()) -> 0.67
A6: 0.20030093 | B6: 0 | C6: 0 | D6: 0 | E6: 0 | F6: 0 | G6: 0 | H6: 0 | I6: 0 | J6: loop0 | K6: =IF(J6="sda",H6,NA()) -> #N/A | L6: =NA() -> #N/A | M6: =IF(J6="sda2",H6,NA()) -> #N/A
A7: 0.20030093 | B7: 0.3 | C7: 0 | D7: 2.8 | E7: 0 | F7: 9.33 | G7: 0 | H7: 1 | I7: 0.02 | J7: sda | K7: =IF(J7="sda",H7,NA()) -> 1 | L7: =NA() -> #N/A | M7: =IF(J7="sda2",H7,NA()) -> #N/A
A8: 0.20030093 | B8: 0 | C8: 0 | D8: 0 | E8: 0 | F8: 0 | G8: 0 | H8: 0 | I8: 0 | J8: sda1 | K8: =IF(J8="sda",H8,NA()) -> #N/A | L8: =NA() -> #N/A | M8: =IF(J8="sda2",H8,NA()) -> #N/A
A9: 0.20030093 | B9: 0.3 | C9: 0 | D9: 2.8 | E9: 0 | F9: 9.33 | G9: 0 | H9: 1 | I9: 0.02 | J9: sda2 | K9: =IF(J9="sda",H9,NA()) -> #N/A | L9: =NA() -> #N/A | M9: =IF(J9="sda2",H9,NA()) -> 1
A10: 0.20041667 | B10: 0 | C10: 0 | D10: 0 | E10: 0 | F10: 0 | G10: 0 | H10: 0 | I10: 0 | J10: loop0 | K10: =IF(J10="sda",H10,NA()) -> #N/A | L10: =NA() -> #N/A | M10: =IF(J10="sda2",H10,NA()) -> #N/A
A11: 0.20041667 | B11: 1.1 | C11: 0 | D11: 5.6 | E11: 0 | F11: 5.09 | G11: 0 | H11: 0.64 | I11: 0.01 | J11: sda | K11: =IF(J11="sda",H11,NA()) -> 0.64 | L11: =NA() -> #N/A | M11: =IF(J11="sda2",H11,NA()) -> #N/A
A12: 0.20041667 | B12: 0 | C12: 0 | D12: 0 | E12: 0 | F12: 0 | G12: 0 | H12: 0 | I12: 0 | J12: sda1 | K12: =IF(J12="sda",H12,NA()) -> #N/A | L12: =NA() -> #N/A | M12: =IF(J12="sda2",H12,NA()) -> #N/A
A13: 0.20041667 | B13: 1.1 | C13: 0 | D13: 5.6 | E13: 0 | F13: 5.09 | G13: 0 | H13: 0.64 | I13: 0.01 | J13: sda2 | K13: =IF(J13="sda",H13,NA()) -> #N/A | L13: =NA() -> #N/A | M13: =IF(J13="sda2",H13,NA()) -> 0.64
... A961: 0.22784722 | B961: 0.3 | C961: 0 | D961: 2.8 | E961: 0 | F961: 9.33 | G961: 0 | H961: 1 | I961: 0.03 | J961: sda2 | K961: =IF(J961="sda",H961,NA()) -> #N/A | L961: =NA() -> #N/A | M961: =IF(J961="sda2",H961,NA()) -> 1
A962: Average: | B962: 0 | C962: 0 | D962: 0 | E962: 0 | F962: 0 | G962: 0 | H962: 0 | I962: 0 | J962: loop0
A963: Average: | B963: 0.84 | C963: 15.08 | D963: 11.84 | E963: 0 | F963: 32.13 | G963: 0 | H963: 1.01 | I963: 0.05 | J963: sda
A964: Average: | B964: 0 | C964: 0 | D964: 0 | E964: 0 | F964: 0 | G964: 0 | H964: 0 | I964: 0 | J964: sda1
A965: Average: | B965: 0.84 | C965: 15.08 | D965: 11.84 | E965: 0 | F965: 32.13 | G965: 0 | H965: 1.01 | I965: 0.05 | J965: sda2

Sheet сводная таблица1
A3: Названия строк | B3: Среднее по полю Использование памяти | C3: Среднее по полю Использование подкачки | D3: Сумма по полю Использование CPU | E3: Сумма по полю Среднее время выполнения чтения/записи sda | F3: Среднее по полю Длина очереди CPU | G3: Среднее по полю Среднее время обслуживания чтения/записи | H3: Среднее по полю Получаемые данные enp0s3, Кбит/с | I3: Среднее по полю Передаваемые данные enp0s3, Кбит/с
A4: 0.20018519 | B4: 5.99 | C4: 0 | D4: 0.44 | E4: 0.67 | F4: 0 | G4: 0.67 | H4: 0.8 | I4: 0.16
A5: 0.20030093 | B5: 5.99 | C5: 0 | D5: 0.22 | E5: 1 | F5: 0 | G5: 1 | H5: 0.72 | I5: 11.84
A6: 0.20041667 | B6: 5.99 | C6: 0 | D6: 0.33 | E6: 0.64 | F6: 0 | G6: 0.64 | H6: 0.48 | I6: 11.68
A7: 0.20053241 | B7: 5.99 | C7: 0 | D7: 0.22 | E7: 1 | F7: 0 | G7: 1 | H7: 1.04 | I7: 11.76
A8: 0.20064815 | B8: 5.99 | C8: 0 | D8: 0.33 | E8: 1 | F8: 0 | G8: 1 | H8: 0.72 | I8: 11.76
A9: 0.20076389 | B9: 5.99 | C9: 0 | D9: 0.22 | E9: 0.67 | F9: 0 | G9: 0.67 | H9: 0.56 | I9: 11.76
A10: 0.20087963 | B10: 5.99 | C10: 0 | D10: 0.33 | E10: 1 | F10: 0 | G10: 1 | H10: 1.04 | I10: 11.68
A11: 0.20099537 | B11: 5.99 | C11: 0 | D11: 0.44 | E11: 1 | F11: 0 | G11: 1 | H11: 0.88 | I11: 11.76
A12: 0.20111111 | B12: 5.99 | C12: 0 | D12: 0.33 | E12: 1.5 | F12: 0 | G12: 1.5 | H12: 0.64 | I12: 11.76
A13: 0.20122685 | B13: 5.98 | C13: 0 | D13: 0.33 | E13: 1 | F13: 0 | G13: 1 | H13: 0.8 | I13: 11.76
A14: 0.20134259 | B14: 5.98 | C14: 0 | D14: 0.22 | E14: 1.2 | F14: 0 | G14: 1.2 | H14: 0.56 | I14: 11.68
A15: 0.20145833 | B15: 5.99 | C15: 0 | D15: 0.44 | E15: 0.8 | F15: 0 | G15: 0.8 | H15: 1.12 | I15: 11.76
... A243: 0.22784722 | B243: 7.45 | C243: 0 | D243: 0.44 | E243: 1 | F243: 0 | G243: 1 | H243: 0.56 | I243: 11.76
A244: Общий итог | B244: 7.369 | C244: 0 | D244: 107.49 | E244: 269.76 | F244: 0 | G244: 1.1241667 | H244: 9.5016667 | I244: 11.770667

Sheet сводная таблица2
A1: Время | B1: Использование памяти | C1: Использование подкачки | D1: Использование CPU | E1: Длина очереди CPU | F1: Среднее время выполнения чтения/записи sda | G1: Среднее время обслуживания чтения/записи | H1: Получаемые данные enp0s3, Кбит/с | I1: Передаваемые данные enp0s3, Кбит/с
A2: =Memory!A2 -> 0.20018519 | B2: =Memory!E2 -> 5.99 | C2: =Swap!D2 -> 0 | D2: =IFERROR(INDEX(Cpu!$I$2:$I$480,MATCH(A2,Cpu!$A$2:$A$480,0)),"не найдено") -> 0.44 | E2: =IFERROR(INDEX(Cpu!$J$2:$J$480,MATCH(A2,Cpu!$A$2:$A$480,0)),"не найдено") -> 0 | F2: =IFERROR(SUMIFS(Disk!$H$2:$H$961,Disk!$A$2:$A$961,A2,Disk!$J$2:$J$961,"sda"),"не найдено") -> 0.67 | G2: =IF(COUNTIFS(Disk!$A$2:$A$961,A2,Disk!$J$2:$J$961,"sda2")=0,"не найдено",SUMIFS(Disk!$H$2:$H$961,Disk!$A$2:$A$961,A2,Disk!$J$2:$J$961,"sda2")) -> 0.67 | H2: =IF(COUNTIFS(Network!$A$2:$A$481,A2,Network!$B$2:$B$481,"enp0s3")=0,"не найдено",SUMIFS(Network!$K$2:$K$481,Network!$A$2:$A$481,A2,Network!$B$2:$B$481,"enp0s3")) -> 0.8 | I2: =IF(COUNTIFS(Network!$A$2:$A$481,A2,Network!$B$2:$B$481,"enp0s3")=0,"не найдено",SUMIFS(Network!$L$2:$L$481,Network!$A$2:$A$481,A2,Network!$B$2:$B$481,"enp0s3")) -> 0.16
A3: =Memory!A3 -> 0.20030093 | B3: =Memory!E3 -> 5.99 | C3: =Swap!D3 -> 0 | D3: =IFERROR(INDEX(Cpu!$I$2:$I$480,MATCH(A3,Cpu!$A$2:$A$480,0)),"не найдено") -> 0.22 | E3: =IFERROR(INDEX(Cpu!$J$2:$J$480,MATCH(A3,Cpu!$A$2:$A$480,0)),"не найдено") -> 0 | F3: =IFERROR(SUMIFS(Disk!$H$2:$H$961,Disk!$A$2:$A$961,A3,Disk!$J$2:$J$961,"sda"),"не найдено") -> 1 | G3: =IF(COUNTIFS(Disk!$A$2:$A$961,A3,Disk!$J$2:$J$961,"sda2")=0,"не найдено",SUMIFS(Disk!$H$2:$H$961,Disk!$A$2:$A$961,A3,Disk!$J$2:$J$961,"sda2")) -> 1 | H3: =IF(COUNTIFS(Network!$A$2:$A$481,A3,Network!$B$2:$B$481,"enp0s3")=0,"не найдено",SUMIFS(Network!$K$2:$K$481,Network!$A$2:$A$481,A3,Network!$B$2:$B$481,"enp0s3")) -> 0.72 | I3: =IF(COUNTIFS(Network!$A$2:$A$481,A3,Network!$B$2:$B$481,"enp0s3")=0,"не найдено",SUMIFS(Network!$L$2:$L$481,Network!$A$2:$A$481,A3,Network!$B$2:$B$481,"enp0s3")) -> 11.84
A4: =Memory!A4 -> 0.20041667 | B4: =Memory!E4 -> 5.99 | C4: =Swap!D4 -> 0 | D4: =IFERROR(INDEX(Cpu!$I$2:$I$480,MATCH(A4,Cpu!$A$2:$A$480,0)),"не найдено") -> 0.33 | E4: =IFERROR(INDEX(Cpu!$J$2:$J$480,MATCH(A4,Cpu!$A$2:$A$480,0)),"не найдено") -> 0 | F4: =IFERROR(SUMIFS(Disk!$H$2:$H$961,Disk!$A$2:$A$961,A4,Disk!$J$2:$J$961,"sda"),"не найдено") -> 0.64 | G4: =IF(COUNTIFS(Disk!$A$2:$A$961,A4,Disk!$J$2:$J$961,"sda2")=0,"не найдено",SUMIFS(Disk!$H$2:$H$961,Disk!$A$2:$A$961,A4,Disk!$J$2:$J$961,"sda2")) -> 0.64 | H4: =IF(COUNTIFS(Network!$A$2:$A$481,A4,Network!$B$2:$B$481,"enp0s3")=0,"не найдено",SUMIFS(Network!$K$2:$K$481,Network!$A$2:$A$481,A4,Network!$B$2:$B$481,"enp0s3")) -> 0.48 | I4: =IF(COUNTIFS(Network!$A$2:$A$481,A4,Network!$B$2:$B$481,"enp0s3")=0,"не найдено",SUMIFS(Network!$L$2:$L$481,Network!$A$2:$A$481,A4,Network!$B$2:$B$481,"enp0s3")) -> 11.68
A5: =Memory!A5 -> 0.20053241 | B5: =Memory!E5 -> 5.99 | C5: =Swap!D5 -> 0 | D5: =IFERROR(INDEX(Cpu!$I$2:$I$480,MATCH(A5,Cpu!$A$2:$A$480,0)),"не найдено") -> 0.22 | E5: =IFERROR(INDEX(Cpu!$J$2:$J$480,MATCH(A5,Cpu!$A$2:$A$480,0)),"не найдено") -> 0 | F5: =IFERROR(SUMIFS(Disk!$H$2:$H$961,Disk!$A$2:$A$961,A5,Disk!$J$2:$J$961,"sda"),"не найдено") -> 1 | G5: =IF(COUNTIFS(Disk!$A$2:$A$961,A5,Disk!$J$2:$J$961,"sda2")=0,"не найдено",SUMIFS(Disk!$H$2:$H$961,Disk!$A$2:$A$961,A5,Disk!$J$2:$J$961,"sda2")) -> 1 | H5: =IF(COUNTIFS(Network!$A$2:$A$481,A5,Network!$B$2:$B$481,"enp0s3")=0,"не найдено",SUMIFS(Network!$K$2:$K$481,Network!$A$2:$A$481,A5,Network!$B$2:$B$481,"enp0s3")) -> 1.04 | I5: =IF(COUNTIFS(Network!$A$2:$A$481,A5,Network!$B$2:$B$481,"enp0s3")=0,"не найдено",SUMIFS(Network!$L$2:$L$481,Network!$A$2:$A$481,A5,Network!$B$2:$B$481,"enp0s3")) -> 11.76
A6: =Memory!A6 -> 0.20064815 | B6: =Memory!E6 -> 5.99 | C6: =Swap!D6 -> 0 | D6: =IFERROR(INDEX(Cpu!$I$2:$I$480,MATCH(A6,Cpu!$A$2:$A$480,0)),"не найдено") -> 0.33 | E6: =IFERROR(INDEX(Cpu!$J$2:$J$480,MATCH(A6,Cpu!$A$2:$A$480,0)),"не найдено") -> 0 | F6: =IFERROR(SUMIFS(Disk!$H$2:$H$961,Disk!$A$2:$A$961,A6,Disk!$J$2:$J$961,"sda"),"не найдено") -> 1 | G6: =IF(COUNTIFS(Disk!$A$2:$A$961,A6,Disk!$J$2:$J$961,"sda2")=0,"не найдено",SUMIFS(Disk!$H$2:$H$961,Disk!$A$2:$A$961,A6,Disk!$J$2:$J$961,"sda2")) -> 1 | H6: =IF(COUNTIFS(Network!$A$2:$A$481,A6,Network!$B$2:$B$481,"enp0s3")=0,"не найдено",SUMIFS(Network!$K$2:$K$481,Network!$A$2:$A$481,A6,Network!$B$2:$B$481,"enp0s3")) -> 0.72 | I6: =IF(COUNTIFS(Network!$A$2:$A$481,A6,Network!$B$2:$B$481,"enp0s3")=0,"не найдено",SUMIFS(Network!$L$2:$L$481,Network!$A$2:$A$481,A6,Network!$B$2:$B$481,"enp0s3")) -> 11.76
A7: =Memory!A7 -> 0.20076389 | B7: =Memory!E7 -> 5.99 | C7: =Swap!D7 -> 0 | D7: =IFERROR(INDEX(Cpu!$I$2:$I$480,MATCH(A7,Cpu!$A$2:$A$480,0)),"не найдено") -> 0.22 | E7: =IFERROR(INDEX(Cpu!$J$2:$J$480,MATCH(A7,Cpu!$A$2:$A$480,0)),"не найдено") -> 0 | F7: =IFERROR(SUMIFS(Disk!$H$2:$H$961,Disk!$A$2:$A$961,A7,Disk!$J$2:$J$961,"sda"),"не найдено") -> 0.67 | G7: =IF(COUNTIFS(Disk!$A$2:$A$961,A7,Disk!$J$2:$J$961,"sda2")=0,"не найдено",SUMIFS(Disk!$H$2:$H$961,Disk!$A$2:$A$961,A7,Disk!$J$2:$J$961,"sda2")) -> 0.67 | H7: =IF(COUNTIFS(Network!$A$2:$A$481,A7,Network!$B$2:$B$481,"enp0s3")=0,"не найдено",SUMIFS(Network!$K$2:$K$481,Network!$A$2:$A$481,A7,Network!$B$2:$B$481,"enp0s3")) -> 0.56 | I7: =IF(COUNTIFS(Network!$A$2:$A$481,A7,Network!$B$2:$B$481,"enp0s3")=0,"не найдено",SUMIFS(Network!$L$2:$L$481,Network!$A$2:$A$481,A7,Network!$B$2:$B$481,"enp0s3")) -> 11.76
A8: =Memory!A8 -> 0.20087963 | B8: =Memory!E8 -> 5.99 | C8: =Swap!D8 -> 0 | D8: =IFERROR(INDEX(Cpu!$I$2:$I$480,MATCH(A8,Cpu!$A$2:$A$480,0)),"не найдено") -> 0.33 | E8: =IFERROR(INDEX(Cpu!$J$2:$J$480,MATCH(A8,Cpu!$A$2:$A$480,0)),"не найдено") -> 0 | F8: =IFERROR(SUMIFS(Disk!$H$2:$H$961,Disk!$A$2:$A$961,A8,Disk!$J$2:$J$961,"sda"),"не найдено") -> 1 | G8: =IF(COUNTIFS(Disk!$A$2:$A$961,A8,Disk!$J$2:$J$961,"sda2")=0,"не найдено",SUMIFS(Disk!$H$2:$H$961,Disk!$A$2:$A$961,A8,Disk!$J$2:$J$961,"sda2")) -> 1 | H8: =IF(COUNTIFS(Network!$A$2:$A$481,A8,Network!$B$2:$B$481,"enp0s3")=0,"не найдено",SUMIFS(Network!$K$2:$K$481,Network!$A$2:$A$481,A8,Network!$B$2:$B$481,"enp0s3")) -> 1.04 | I8: =IF(COUNTIFS(Network!$A$2:$A$481,A8,Network!$B$2:$B$481,"enp0s3")=0,"не найдено",SUMIFS(Network!$L$2:$L$481,Network!$A$2:$A$481,A8,Network!$B$2:$B$481,"enp0s3")) -> 11.68
A9: =Memory!A9 -> 0.20099537 | B9: =Memory!E9 -> 5.99 | C9: =Swap!D9 -> 0 | D9: =IFERROR(INDEX(Cpu!$I$2:$I$480,MATCH(A9,Cpu!$A$2:$A$480,0)),"не найдено") -> 0.44 | E9: =IFERROR(INDEX(Cpu!$J$2:$J$480,MATCH(A9,Cpu!$A$2:$A$480,0)),"не найдено") -> 0 | F9: =IFERROR(SUMIFS(Disk!$H$2:$H$961,Disk!$A$2:$A$961,A9,Disk!$J$2:$J$961,"sda"),"не найдено") -> 1 | G9: =IF(COUNTIFS(Disk!$A$2:$A$961,A9,Disk!$J$2:$J$961,"sda2")=0,"не найдено",SUMIFS(Disk!$H$2:$H$961,Disk!$A$2:$A$961,A9,Disk!$J$2:$J$961,"sda2")) -> 1 | H9: =IF(COUNTIFS(Network!$A$2:$A$481,A9,Network!$B$2:$B$481,"enp0s3")=0,"не найдено",SUMIFS(Network!$K$2:$K$481,Network!$A$2:$A$481,A9,Network!$B$2:$B$481,"enp0s3")) -> 0.88 | I9: =IF(COUNTIFS(Network!$A$2:$A$481,A9,Network!$B$2:$B$481,"enp0s3")=0,"не найдено",SUMIFS(Network!$L$2:$L$481,Network!$A$2:$A$481,A9,Network!$B$2:$B$481,"enp0s3")) -> 11.76
A10: =Memory!A10 -> 0.20111111 | B10: =Memory!E10 -> 5.99 | C10: =Swap!D10 -> 0 | D10: =IFERROR(INDEX(Cpu!$I$2:$I$480,MATCH(A10,Cpu!$A$2:$A$480,0)),"не найдено") -> 0.33 | E10: =IFERROR(INDEX(Cpu!$J$2:$J$480,MATCH(A10,Cpu!$A$2:$A$480,0)),"не найдено") -> 0 | F10: =IFERROR(SUMIFS(Disk!$H$2:$H$961,Disk!$A$2:$A$961,A10,Disk!$J$2:$J$961,"sda"),"не найдено") -> 1.5 | G10: =IF(COUNTIFS(Disk!$A$2:$A$961,A10,Disk!$J$2:$J$961,"sda2")=0,"не найдено",SUMIFS(Disk!$H$2:$H$961,Disk!$A$2:$A$961,A10,Disk!$J$2:$J$961,"sda2")) -> 1.5 | H10: =IF(COUNTIFS(Network!$A$2:$A$481,A10,Network!$B$2:$B$481,"enp0s3")=0,"не найдено",SUMIFS(Network!$K$2:$K$481,Network!$A$2:$A$481,A10,Network!$B$2:$B$481,"enp0s3")) -> 0.64 | I10: =IF(COUNTIFS(Network!$A$2:$A$481,A10,Network!$B$2:$B$481,"enp0s3")=0,"не найдено",SUMIFS(Network!$L$2:$L$481,Network!$A$2:$A$481,A10,Network!$B$2:$B$481,"enp0s3")) -> 11.76
A11: =Memory!A11 -> 0.20122685 | B11: =Memory!E11 -> 5.98 | C11: =Swap!D11 -> 0 | D11: =IFERROR(INDEX(Cpu!$I$2:$I$480,MATCH(A11,Cpu!$A$2:$A$480,0)),"не найдено") -> 0.33 | E11: =IFERROR(INDEX(Cpu!$J$2:$J$480,MATCH(A11,Cpu!$A$2:$A$480,0)),"не найдено") -> 0 | F11: =IFERROR(SUMIFS(Disk!$H$2:$H$961,Disk!$A$2:$A$961,A11,Disk!$J$2:$J$961,"sda"),"не найдено") -> 1 | G11: =IF(COUNTIFS(Disk!$A$2:$A$961,A11,Disk!$J$2:$J$961,"sda2")=0,"не найдено",SUMIFS(Disk!$H$2:$H$961,Disk!$A$2:$A$961,A11,Disk!$J$2:$J$961,"sda2")) -> 1 | H11: =IF(COUNTIFS(Network!$A$2:$A$481,A11,Network!$B$2:$B$481,"enp0s3")=0,"не найдено",SUMIFS(Network!$K$2:$K$481,Network!$A$2:$A$481,A11,Network!$B$2:$B$481,"enp0s3")) -> 0.8 | I11: =IF(COUNTIFS(Network!$A$2:$A$481,A11,Network!$B$2:$B$481,"enp0s3")=0,"не найдено",SUMIFS(Network!$L$2:$L$481,Network!$A$2:$A$481,A11,Network!$B$2:$B$481,"enp0s3")) -> 11.76
A12: =Memory!A12 -> 0.20134259 | B12: =Memory!E12 -> 5.98 | C12: =Swap!D12 -> 0 | D12: =IFERROR(INDEX(Cpu!$I$2:$I$480,MATCH(A12,Cpu!$A$2:$A$480,0)),"не найдено") -> 0.22 | E12: =IFERROR(INDEX(Cpu!$J$2:$J$480,MATCH(A12,Cpu!$A$2:$A$480,0)),"не найдено") -> 0 | F12: =IFERROR(SUMIFS(Disk!$H$2:$H$961,Disk!$A$2:$A$961,A12,Disk!$J$2:$J$961,"sda"),"не найдено") -> 1.2 | G12: =IF(COUNTIFS(Disk!$A$2:$A$961,A12,Disk!$J$2:$J$961,"sda2")=0,"не найдено",SUMIFS(Disk!$H$2:$H$961,Disk!$A$2:$A$961,A12,Disk!$J$2:$J$961,"sda2")) -> 1.2 | H12: =IF(COUNTIFS(Network!$A$2:$A$481,A12,Network!$B$2:$B$481,"enp0s3")=0,"не найдено",SUMIFS(Network!$K$2:$K$481,Network!$A$2:$A$481,A12,Network!$B$2:$B$481,"enp0s3")) -> 0.56 | I12: =IF(COUNTIFS(Network!$A$2:$A$481,A12,Network!$B$2:$B$481,"enp0s3")=0,"не найдено",SUMIFS(Network!$L$2:$L$481,Network!$A$2:$A$481,A12,Network!$B$2:$B$481,"enp0s3")) -> 11.68
A13: =Memory!A13 -> 0.20145833 | B13: =Memory!E13 -> 5.99 | C13: =Swap!D13 -> 0 | D13: =IFERROR(INDEX(Cpu!$I$2:$I$480,MATCH(A13,Cpu!$A$2:$A$480,0)),"не найдено") -> 0.44 | E13: =IFERROR(INDEX(Cpu!$J$2:$J$480,MATCH(A13,Cpu!$A$2:$A$480,0)),"не найдено") -> 0 | F13: =IFERROR(SUMIFS(Disk!$H$2:$H$961,Disk!$A$2:$A$961,A13,Disk!$J$2:$J$961,"sda"),"не найдено") -> 0.8 | G13: =IF(COUNTIFS(Disk!$A$2:$A$961,A13,Disk!$J$2:$J$961,"sda2")=0,"не найдено",SUMIFS(Disk!$H$2:$H$961,Disk!$A$2:$A$961,A13,Disk!$J$2:$J$961,"sda2")) -> 0.8 | H13: =IF(COUNTIFS(Network!$A$2:$A$481,A13,Network!$B$2:$B$481,"enp0s3")=0,"не найдено",SUMIFS(Network!$K$2:$K$481,Network!$A$2:$A$481,A13,Network!$B$2:$B$481,"enp0s3")) -> 1.12 | I13: =IF(COUNTIFS(Network!$A$2:$A$481,A13,Network!$B$2:$B$481,"enp0s3")=0,"не найдено",SUMIFS(Network!$L$2:$L$481,Network!$A$2:$A$481,A13,Network!$B$2:$B$481,"enp0s3")) -> 11.76
... A241: =Memory!A241 -> 0.22784722 | B241: =Memory!E241 -> 7.45 | C241: =Swap!D241 -> 0 | D241: =IFERROR(INDEX(Cpu!$I$2:$I$480,MATCH(A241,Cpu!$A$2:$A$480,0)),"не найдено") -> 0.44 | E241: =IFERROR(INDEX(Cpu!$J$2:$J$480,MATCH(A241,Cpu!$A$2:$A$480,0)),"не найдено") -> 0 | F241: =IFERROR(SUMIFS(Disk!$H$2:$H$961,Disk!$A$2:$A$961,A241,Disk!$J$2:$J$961,"sda"),"не найдено") -> 1 | G241: =IF(COUNTIFS(Disk!$A$2:$A$961,A241,Disk!$J$2:$J$961,"sda2")=0,"не найдено",SUMIFS(Disk!$H$2:$H$961,Disk!$A$2:$A$961,A241,Disk!$J$2:$J$961,"sda2")) -> 1 | H241: =IF(COUNTIFS(Network!$A$2:$A$481,A241,Network!$B$2:$B$481,"enp0s3")=0,"не найдено",SUMIFS(Network!$K$2:$K$481,Network!$A$2:$A$481,A241,Network!$B$2:$B$481,"enp0s3")) -> 0.56 | I241: =IF(COUNTIFS(Network!$A$2:$A$481,A241,Network!$B$2:$B$481,"enp0s3")=0,"не найдено",SUMIFS(Network!$L$2:$L$481,Network!$A$2:$A$481,A241,Network!$B$2:$B$481,"enp0s3")) -> 11.76
